frameNumber,hitIndex,station,layer,ladder,chip,pixel_x,pixel_y
0,374312,0,1,1,5,74,210
0,2162985,0,1,2,1,255,209
0,2229109,0,1,2,2,253,133
0,2236165,0,1,2,2,225,245
0,2239424,0,1,2,2,213,58
0,2248074,0,1,2,2,179,112
0,2258789,0,1,2,2,137,149
0,2269645,0,1,2,2,95,45
0,2273888,0,1,2,2,78,154
0,2274143,0,1,2,2,77,155
0,2274144,0,1,2,2,77,154
0,2274399,0,1,2,2,76,155
0,2289292,0,1,2,2,18,110
0,2295319,0,1,2,3,250,227
0,2296089,0,1,2,3,247,225
0,2296346,0,1,2,3,246,224
0,2357780,0,1,2,3,6,230
0,2365265,0,1,2,4,233,169
0,2365266,0,1,2,4,233,168
0,2365521,0,1,2,4,232,169
0,2365522,0,1,2,4,232,168
0,2444528,0,1,2,5,180,10
0,4335598,0,1,3,2,217,12
0,6473109,0,1,4,2,59,101
0,6482365,0,1,4,2,23,61
0,8536422,0,1,5,2,191,148
0,8587869,0,1,5,3,246,157
0,8607628,0,1,5,3,169,110
0,10595998,0,1,6,1,82,92
0,10622635,0,1,6,2,234,79
0,10655654,0,1,6,2,105,84
0,10686654,0,1,6,3,240,60
0,10753216,0,1,6,4,236,58
0,10856126,0,1,6,5,90,60
0,14755356,0,1,8,1,218,222
0,14770867,0,1,8,1,158,71
0,14844607,0,1,8,2,126,59
0,14863808,0,1,8,2,51,58
0,14903713,0,1,8,3,151,89
0,14934993,0,1,8,3,29,41
0,14948444,0,1,8,4,232,158
0,14986193,0,1,8,4,85,41
0,15037910,0,1,8,5,139,36
0,67225321,0,2,1,1,58,17
0,69347449,0,2,2,2,216,129
0,69359663,0,2,2,2,168,203
0,69375111,0,2,2,2,108,115
0,69577410,0,2,2,5,86,56
0,69659512,0,2,2,6,21,130
0,71562928,0,2,3,3,10,74
0,71563438,0,2,3,3,8,76
0,71688518,0,2,3,5,31,180
0,71714761,0,2,3,6,185,49
0,73595910,0,2,4,2,4,244
0,75672227,0,2,5,2,86,87
0,75693046,0,2,5,2,5,4
0,77743165,0,2,6,2,188,189
0,77851281,0,2,6,3,22,105
0,77988909,0,2,6,6,252,205
0,79760188,0,2,7,1,245,190
0,79803705,0,2,7,1,75,193
0,79830860,0,2,7,2,225,174
0,79861829,0,2,7,2,104,181
0,79896683,0,2,7,3,224,143
0,79919836,0,2,7,3,134,30
0,79956078,0,2,7,4,248,140
0,80065132,0,2,7,5,78,142
0,83973643,0,2,9,1,170,239
0,84048144,0,2,9,2,135,234
0,84066838,0,2,9,2,62,228
0,84135716,0,2,9,3,49,214
0,84187685,0,2,9,4,102,213
0,84243741,0,2,9,5,139,221
0,86071033,0,2,10,1,170,1
0,86183382,0,2,10,3,243,36
0,86372679,0,2,10,5,15,179
0,135643579,0,3,1,14,193,63
0,136853213,0,3,2,1,54,29
0,141431342,0,3,4,7,18,204
0,141548952,0,3,4,8,221,98
0,145720492,0,3,6,8,132,78
0,148206619,0,3,7,14,116,223
0,149687754,0,3,8,5,13,48
0,149892752,0,3,8,8,46,106
0,150160258,0,3,8,12,67,120
0,150254253,0,3,8,13,178,77
0,151802883,0,3,9,5,84,247
0,153634017,0,3,10,1,68,25
0,153901040,0,3,10,5,87,10
0,156072509,0,3,11,6,122,189
0,166901248,0,3,16,11,182,250
0,168997102,0,3,17,11,176,12
0,173184566,0,3,19,11,150,196
0,176685570,0,3,21,1,2,248
0,178787318,0,3,22,1,19,4
0,179178055,0,3,22,7,10,179
0,179710743,0,3,22,15,43,227
0,181330734,0,3,23,7,227,204
0,181360356,0,3,23,8,86,22
0,181376203,0,3,23,8,148,47
0,181547967,0,3,23,11,51,59
0,181692877,0,3,23,13,105,45
0,181842620,0,3,23,15,178,62
0,203908533,0,4,2,1,101,69
0,204893923,0,4,2,16,110,23
0,208652291,0,4,4,9,200,247
0,210594391,0,4,5,7,106,163
0,210749171,0,4,5,9,198,7
0,214907272,0,4,7,9,57,114
0,217373481,0,4,8,14,219,209
0,217629601,0,4,8,18,195,89
0,218799442,0,4,9,4,157,168
0,219065741,0,4,9,8,173,109
0,219328645,0,4,9,12,176,117
0,219417787,0,4,9,14,12,63
0,222813837,0,4,11,1,222,109
0,223047811,0,4,11,5,112,119
0,223932811,0,4,11,18,241,111
0,229382099,0,4,14,6,23,39
0,240315688,0,4,19,12,237,210
0,248670378,0,4,23,12,104,80
0,254644337,0,4,26,7,144,137
0,255184664,0,4,26,15,207,226
0,256789298,0,4,27,8,75,200
0,256834032,0,4,27,8,249,10
0,256846554,0,4,27,9,42,32
0,257021357,0,4,27,11,213,77
0,257170116,0,4,27,14,26,54
0,257315281,0,4,27,16,81,41
0,403834795,1,3,1,11,7,79
0,410351058,1,3,4,14,117,40
0,412613011,1,3,5,16,249,103
0,420876506,1,3,9,15,16,32
0,420954430,1,3,9,16,65,188
0,443507046,1,3,20,8,97,148
0,445984723,1,3,21,14,47,39
0,452045257,1,3,24,10,169,49
0,477453378,1,4,4,15,92,184
0,483852529,1,4,7,17,0,9
0,487980904,1,4,9,15,255,146
0,490131717,1,4,10,16,209,245
0,492229108,1,4,11,16,209,6
0,516932774,1,4,23,9,196,84
0,523805324,1,4,26,18,162,110
0,527483884,1,4,28,10,195,14
0,527664477,1,4,28,13,133,157
0,680107898,2,3,5,2,159,128
0,680149081,2,3,5,3,64,161
0,680253239,2,3,5,4,215,195
0,682251368,2,3,6,3,84,146
0,684296281,2,3,7,2,136,161
0,689122619,2,3,9,12,45,191
0,690918827,2,3,10,7,149,79
0,701059241,2,3,15,2,80,81
0,715673926,2,3,22,1,81,180
0,717753768,2,3,23,1,13,82
0,719850560,2,3,24,1,12,186
0,720046719,2,3,24,4,10,123
0,738710385,2,4,1,1,211,137
0,738847434,2,4,1,3,234,48
0,744983890,2,4,4,1,141,168
0,749300203,2,4,6,3,105,15
0,749305712,2,4,6,3,127,138
0,749306700,2,4,6,3,131,174
0,749415061,2,4,6,5,42,101
0,753466802,2,4,8,2,253,72
0,758224239,2,4,10,11,149,139
0,760064633,2,4,11,7,170,129
0,791143199,2,4,26,1,227,219
0,793229235,2,4,27,1,183,71
1,4531426,0,1,3,5,220,24
1,6446767,0,1,4,2,162,75
1,6470243,0,1,4,2,70,151
1,6566793,0,1,4,4,205,113
1,6572189,0,1,4,4,184,93
1,6601652,0,1,4,4,69,70
1,6604955,0,1,4,4,56,95
1,8528582,0,1,5,2,222,52
1,8613989,0,1,5,3,144,149
1,10724809,0,1,6,3,91,49
1,12656831,0,1,7,1,224,59
1,12849415,0,1,7,4,239,243
1,14930324,0,1,8,3,47,102
1,14945524,0,1,8,4,244,6
1,14955698,0,1,8,4,204,72
1,14961384,0,1,8,4,182,18
1,14988926,0,1,8,4,74,124
1,14995665,0,1,8,4,48,41
1,14998994,0,1,8,4,35,40
1,71634265,0,2,3,5,243,161
1,75657912,0,2,5,2,142,66
1,75674740,0,2,5,2,76,134
1,75771804,0,2,5,4,209,94
1,75778731,0,2,5,4,182,79
1,75807934,0,2,5,4,68,60
1,75810478,0,2,5,4,58,76
1,77803085,0,2,6,3,210,173
1,77855143,0,2,6,3,7,83
1,79934045,0,2,7,3,78,157
1,81871427,0,2,8,1,190,183
1,84159823,0,2,9,4,211,171
1,84160773,0,2,9,4,207,245
1,84167737,0,2,9,4,180,193
1,84192080,0,2,9,4,85,170
1,84205860,0,2,9,4,31,214
1,86228951,0,2,10,3,65,35
1,86258164,0,2,10,4,207,6
1,86291641,0,2,10,4,76,65
1,135467422,0,3,1,12,17,92
1,145654112,0,3,6,7,129,154
1,145683061,0,3,6,7,242,133
1,145796976,0,3,6,9,175,138
1,145803448,0,3,6,9,200,66
1,145828223,0,3,6,10,41,123
1,145842832,0,3,6,10,98,106
1,152092120,0,3,9,9,189,34
1,152169374,0,3,9,10,235,92
1,153625803,0,3,10,1,36,47
1,158299335,0,3,12,8,116,51
1,160258564,0,3,13,6,90,246
1,162356466,0,3,14,6,92,8
1,164212386,0,3,15,2,174,88
1,164621162,0,3,15,8,235,144
1,164648998,0,3,15,9,88,212
1,164657271,0,3,15,9,120,131
1,164682260,0,3,15,9,218,230
1,164703391,0,3,15,10,44,91
1,164713572,0,3,15,10,84,150
1,164736715,0,3,15,10,174,47
1,167237138,0,3,16,16,214,232
1,180939128,0,3,23,1,233,130
1,202556849,0,4,1,12,197,73
1,214859586,0,4,7,8,127,184
1,214967828,0,4,7,10,38,230
1,214977673,0,4,7,10,76,113
1,215001653,0,4,7,10,170,197
1,215016532,0,4,7,10,228,166
1,216912108,0,4,8,7,208,14
1,220783082,0,4,10,2,225,16
1,221291013,0,4,10,10,162,245
1,223387895,0,4,11,10,160,3
1,223474890,0,4,11,11,244,48
1,224869590,0,4,12,1,60,36
1,229563043,0,4,14,8,218,87
1,233609621,0,4,16,6,153,101
1,235496111,0,4,17,3,98,75
1,235894118,0,4,17,9,117,148
1,235925334,0,4,17,9,239,164
1,235973003,0,4,17,10,169,111
1,235984202,0,4,17,10,213,176
1,236023911,0,4,17,11,112,147
1,237997709,0,4,18,9,142,109
1,238050796,0,4,18,10,93,14
1,240579032,0,4,19,16,241,34
1,254313482,0,4,26,2,132,240
1,256410872,0,4,27,2,132,2
1,403760115,1,3,1,9,227,7
1,409651160,1,3,4,3,199,34
1,416064865,1,3,7,5,165,153
1,445268147,1,3,21,3,64,71
1,447709805,1,3,22,8,130,141
1,450222291,1,3,23,14,216,39
1,451994886,1,3,24,9,229,244
1,474574693,1,4,3,3,111,149
1,487273293,1,4,9,5,51,173
1,499607658,1,4,15,1,104,144
1,500707755,1,4,15,18,49,79
1,518662327,1,4,24,4,40,67
1,521104484,1,4,25,9,108,150
1,523606884,1,4,26,15,155,150
1,527478550,1,4,28,10,175,228
1,703153318,2,3,16,2,68,84
1,718035785,2,3,23,5,91,177
1,776508138,2,4,19,2,146,16
1,793484934,2,4,27,5,158,116
2,262755,0,1,1,4,254,151
2,2173885,0,1,2,1,213,61
2,2246561,0,1,2,2,185,89
2,2276102,0,1,2,2,69,244
2,2365769,0,1,2,4,231,177
2,2376917,0,1,2,4,188,37
2,2392887,0,1,2,4,125,195
2,2461008,0,1,2,5,115,170
2,4328603,0,1,3,2,244,95
2,4373237,0,1,3,2,70,5
2,4401107,0,1,3,3,217,39
2,6392467,0,1,4,1,118,103
2,6411122,0,1,4,1,45,136
2,6743105,0,1,4,6,28,185
2,8492883,0,1,5,1,105,167
2,8508278,0,1,5,1,45,132
2,8570266,0,1,5,2,59,96
2,8591730,0,1,5,3,231,136
2,8606828,0,1,5,3,172,142
2,8827999,0,1,5,6,76,155
2,10551299,0,1,6,1,256,247
2,10621988,0,1,6,2,236,214
2,10656675,0,1,6,2,101,87
2,10693976,0,1,6,3,211,162
2,10697169,0,1,6,3,199,41
2,10731856,0,1,6,3,63,170
2,10849979,0,1,6,5,114,63
2,10914703,0,1,6,6,117,107
2,12648936,0,1,7,1,255,18
2,12817206,0,1,7,3,109,196
2,12987027,0,1,7,6,214,103
2,14905964,0,1,8,3,142,142
2,15050919,0,1,8,5,88,83
2,15060139,0,1,8,5,52,79
2,67383609,0,2,1,4,207,193
2,69284652,0,2,2,1,205,206
2,69357573,0,2,2,2,176,245
2,69486929,0,2,2,4,183,169
2,71454969,0,2,3,2,176,1
2,71482745,0,2,3,2,67,129
2,71509854,0,2,3,3,217,156
2,71571915,0,2,3,4,231,47
2,71589842,0,2,3,4,161,40
2,71666900,0,2,3,5,116,38
2,73501200,0,2,4,1,118,234
2,73655523,0,2,4,3,28,23
2,75618023,0,2,5,1,42,19
2,75688026,0,2,5,2,24,160
2,75820369,0,2,5,4,19,169
2,75910759,0,2,5,6,178,147
2,77660322,0,2,6,1,256,88
2,77786258,0,2,6,2,20,104
2,77800318,0,2,6,3,221,124
2,77811034,0,2,6,3,179,160
2,77816997,0,2,6,3,156,85
2,78042028,0,2,6,6,45,78
2,79797969,0,2,7,1,98,41
2,79809241,0,2,7,1,54,33
2,79861075,0,2,7,2,107,167
2,79903618,0,2,7,3,197,120
2,80055920,0,2,7,5,114,138
2,81923275,0,2,8,2,244,47
2,81993096,0,2,8,3,227,114
2,82009032,0,2,8,3,165,50
2,82211245,0,2,8,6,143,77
2,84125520,0,2,9,3,89,170
2,86181731,0,2,10,3,249,151
2,86347491,0,2,10,5,114,23
2,86357444,0,2,10,5,75,54
2,135054879,0,3,1,5,198,219
2,135145762,0,3,1,7,41,216
2,135177017,0,3,1,7,163,193
2,135201291,0,3,1,8,2,239
2,135280709,0,3,1,9,56,181
2,135336329,0,3,1,10,17,113
2,135506417,0,3,1,12,169,9
2,137102733,0,3,2,5,5,109
2,137690237,0,3,2,13,252,125
2,137717986,0,3,2,14,104,24
2,138969725,0,3,3,1,130,125
2,139500185,0,3,3,9,154,97
2,141231321,0,3,4,4,4,33
2,141399071,0,3,4,6,148,219
2,141426222,0,3,4,6,254,204
2,143185460,0,3,5,1,214,198
2,143576274,0,3,5,7,204,40
2,143744899,0,3,5,10,95,119
2,143955486,0,3,5,13,150,220
2,143968022,0,3,5,13,199,228
2,144025116,0,3,5,14,166,222
2,146101579,0,3,6,14,85,175
2,146106039,0,3,6,14,102,67
2,146180953,0,3,6,15,139,161
2,146206398,0,3,6,15,238,60
2,147705245,0,3,7,6,205,93
2,147834034,0,3,7,8,196,72
2,147993304,0,3,7,11,50,34
2,149788903,0,3,8,6,152,19
2,149876268,0,3,8,7,238,206
2,151794454,0,3,9,5,51,228
2,151893877,0,3,9,6,183,133
2,151905868,0,3,9,6,230,174
2,151924199,0,3,9,7,45,19
2,152031959,0,3,9,8,210,35
2,152201182,0,3,9,11,103,28
2,152476629,0,3,9,15,155,37
2,153735462,0,3,10,2,209,212
2,153840558,0,3,10,4,107,76
2,153898757,0,3,10,5,79,245
2,153945494,0,3,10,6,5,100
2,153961793,0,3,10,6,69,185
2,154055126,0,3,10,7,177,36
2,154077041,0,3,10,8,7,137
2,154121445,0,3,10,8,180,21
2,154158499,0,3,10,9,69,87
2,154268804,0,3,10,10,244,118
2,154397872,0,3,10,12,236,74
2,155995633,0,3,11,5,77,9
2,156147415,0,3,11,7,158,35
2,160162108,0,3,13,4,225,190
2,160363553,0,3,13,7,244,217
2,160471687,0,3,13,9,154,115
2,160619645,0,3,13,11,220,125
2,160659382,0,3,13,12,119,68
2,160878970,0,3,13,15,209,128
2,162010405,0,3,14,1,21,213
2,166943976,0,3,16,12,92,18
2,167101585,0,3,16,14,196,105
2,168777111,0,3,17,8,85,99
2,168916823,0,3,17,10,119,163
2,173234508,0,3,19,12,89,174
2,177222803,0,3,21,9,52,103
2,183591021,0,3,24,10,96,141
2,183629686,0,3,24,10,247,132
2,183633020,0,3,24,11,4,126
2,183740675,0,3,24,12,169,247
2,202578121,0,4,1,13,24,49
2,204178948,0,4,2,5,134,246
2,204225966,0,4,2,6,61,76
2,204316982,0,4,2,7,161,196
2,204347075,0,4,2,8,22,55
2,204373302,0,4,2,8,125,196
2,204451796,0,4,2,9,175,38
2,204505014,0,4,2,10,127,68
2,204828208,0,4,2,15,110,202
2,206055780,0,4,3,2,41,150
2,206276341,0,4,3,5,134,5
2,206868847,0,4,3,14,145,139
2,206880739,0,4,3,14,191,23
2,208315024,0,4,4,4,162,106
2,208695254,0,4,4,10,111,36
2,211088425,0,4,5,14,244,209
2,212352341,0,4,6,2,61,165
2,212669645,0,4,6,7,20,45
2,212698348,0,4,6,7,132,14
2,212756882,0,4,6,8,105,104
2,213145566,0,4,6,14,87,28
2,213188013,0,4,6,14,253,77
2,215029484,0,4,7,11,22,14
2,215251346,0,4,7,14,121,104
2,215262390,0,4,7,14,164,68
2,215344667,0,4,7,15,230,223
2,215451797,0,4,7,17,136,101
2,216869957,0,4,8,7,44,181
2,216998507,0,4,8,9,34,143
2,217160092,0,4,8,11,153,94
2,218942622,0,4,9,6,204,92
2,218998550,0,4,9,7,167,228
2,219095082,0,4,9,9,32,208
2,219264588,0,4,9,11,182,174
2,219528213,0,4,9,15,188,229
2,221064114,0,4,10,7,43,72
2,221085540,0,4,10,7,127,150
2,221085796,0,4,10,7,128,150
2,221121956,0,4,10,8,13,86
2,221132309,0,4,10,8,54,229
2,221202980,0,4,10,9,74,214
2,221205373,0,4,10,9,83,125
2,221389652,0,4,10,12,35,166
2,221571168,0,4,10,14,232,154
2,221690686,0,4,10,16,187,188
2,221837322,0,4,10,18,248,240
2,223016050,0,4,11,4,244,136
2,223066309,0,4,11,5,184,53
2,223121994,0,4,11,6,146,176
2,223203422,0,4,11,7,208,156
2,223252518,0,4,11,8,144,212
2,223324535,0,4,11,9,169,131
2,223335750,0,4,11,9,213,180
2,223441698,0,4,11,11,115,216
2,223511926,0,4,11,12,133,132
2,223568721,0,4,11,13,99,169
2,223691864,0,4,11,15,68,162
2,223805298,0,4,11,16,255,136
2,223935473,0,4,11,18,251,9
2,223936490,0,4,11,18,255,16
2,225022548,0,4,12,3,146,166
2,225183410,0,4,12,6,6,72
2,225328241,0,4,12,8,60,137
2,231416144,0,4,15,5,33,170
2,231618119,0,4,15,8,54,179
2,231748017,0,4,15,10,49,73
2,231938788,0,4,15,13,26,22
2,234053329,0,4,16,13,94,41
2,235420273,0,4,17,2,58,137
2,238243245,0,4,18,13,77,77
2,242132858,0,4,20,8,167,128
2,242278235,0,4,20,10,223,159
2,242624491,0,4,20,16,39,15
2,246378303,0,4,22,9,111,187
2,248769174,0,4,23,13,234,100
2,252664046,0,4,25,9,88,12
2,254334700,0,4,26,2,214,14
2,259056722,0,4,28,10,228,168
2,259095903,0,4,28,11,125,155
2,259113249,0,4,28,11,193,217
2,408294626,1,3,3,15,20,24
2,413969256,1,3,6,5,171,146
2,414426911,1,3,6,12,167,219
2,418154856,1,3,8,5,137,146
2,437139060,1,3,17,7,54,134
2,437334835,1,3,17,10,51,199
2,451720507,1,3,24,5,181,191
2,473283334,1,4,2,15,187,244
2,475380467,1,4,3,15,186,7
2,483621203,1,4,7,13,121,167
2,498649801,1,4,14,18,202,49
2,510527178,1,4,20,8,6,48
2,510726792,1,4,20,11,18,114
2,522823029,1,4,26,3,165,133
2,523063690,1,4,26,7,81,112
2,523283632,1,4,26,10,172,74
2,523522236,1,4,26,14,80,62
2,523824034,1,4,26,18,235,88
2,524758350,1,4,27,1,45,172
2,524984151,1,4,27,4,159,163
2,525220720,1,4,27,8,59,138
2,525445743,1,4,27,11,170,139
2,525700745,1,4,27,15,142,113
2,527162477,1,4,28,5,220,141
2,676562188,2,3,3,12,133,238
2,678660600,2,3,4,12,137,2
2,682802603,2,3,6,11,189,79
2,694705446,2,3,12,1,93,212
2,695717776,2,3,12,16,207,106
2,711880537,2,3,20,7,111,161
2,743560988,2,4,3,11,215,222
2,751945852,2,4,7,11,200,126
2,757530890,2,4,10,1,1,240
2,757617161,2,4,10,2,82,241
2,765955192,2,4,14,1,140,130
2,766917357,2,4,14,16,58,13
2,785186717,2,4,23,6,255,93
3,2250377,0,1,2,2,170,113
3,2433200,0,1,2,5,224,74
3,6469321,0,1,4,2,74,49
3,6644675,0,1,4,5,157,55
3,8590454,0,1,5,3,236,132
3,10634127,0,1,6,2,189,107
3,10663559,0,1,6,2,74,115
3,10759879,0,1,6,4,210,51
3,12906704,0,1,7,4,16,42
3,14787596,0,1,8,1,92,238
3,67467835,0,2,1,5,134,191
3,67555044,0,2,1,6,50,22
3,69356323,0,2,2,2,181,215
3,73759239,0,2,4,5,134,243
3,75663081,0,2,5,2,122,17
3,75856376,0,2,5,5,135,2
3,79832657,0,2,7,2,218,169
3,79876393,0,2,7,2,47,209
3,79910368,0,2,7,3,171,26
3,80001437,0,2,7,4,71,93
3,86260185,0,2,10,4,199,33
3,139640218,0,3,3,11,189,96
3,139735617,0,3,3,13,50,185
3,141654545,0,3,4,10,122,233
3,141721351,0,3,4,11,127,243
3,141726355,0,3,4,11,146,103
3,141797908,0,3,4,12,170,230
3,141809314,0,3,4,12,214,88
3,141945573,0,3,4,14,234,21
3,143662931,0,3,5,9,31,167
3,143819498,0,3,5,11,130,16
3,143979402,0,3,5,13,243,112
3,150269012,0,3,8,13,236,166
3,152048305,0,3,9,9,18,73
3,153952400,0,3,10,6,32,106
3,156170083,0,3,11,7,247,151
3,158212840,0,3,12,7,34,18
3,162114976,0,3,14,2,173,90
3,162916219,0,3,14,14,231,127
3,172653465,0,3,19,3,123,97
3,173056535,0,3,19,9,162,227
3,183464409,0,3,24,8,113,33
3,208790092,0,4,4,11,226,174
3,210816051,0,4,5,10,204,199
3,211105445,0,4,5,15,54,85
3,212864044,0,4,6,10,12,206
3,217353735,0,4,8,14,142,243
3,219147082,0,4,9,9,235,176
3,219451122,0,4,9,14,142,8
3,223658752,0,4,11,14,195,250
3,225138835,0,4,12,5,88,103
3,225756399,0,4,12,14,196,11
3,227416117,0,4,13,8,24,197
3,229471696,0,4,14,7,117,42
3,233394835,0,4,16,3,82,103
3,236321243,0,4,17,15,249,31
3,258934223,0,4,28,9,5,43
3,434842397,1,3,16,4,43,221
3,439835907,1,3,18,16,93,247
3,441830968,1,3,19,14,206,194
3,441935344,1,3,19,16,101,10
3,442024754,1,3,19,17,195,200
3,449821560,1,3,23,8,187,130
3,508298958,1,4,19,6,6,44
3,523213350,1,4,26,9,154,212
3,698910616,2,3,14,1,135,98
3,709413313,2,3,19,1,201,57
3,770153912,2,4,16,1,157,66
3,780650525,2,4,21,1,200,221
4,72545,0,1,1,1,229,153
4,6427405,0,1,4,2,237,237
4,6683581,0,1,4,5,5,61
4,8523769,0,1,5,2,241,1
4,10635687,0,1,6,2,183,83
4,14832142,0,1,8,2,174,236
4,67197212,0,2,1,1,167,222
4,67253477,0,2,1,2,204,21
4,73780771,0,2,4,5,50,215
4,75649851,0,2,5,2,173,191
4,79847223,0,2,7,2,161,195
4,135190339,0,3,1,7,215,183
4,141729241,0,3,4,11,157,33
4,141839879,0,3,4,13,78,243
4,141846164,0,3,4,13,102,102
4,143482916,0,3,5,6,96,214
4,143936737,0,3,5,13,76,25
4,147366345,0,3,7,1,161,49
4,154491748,0,3,10,14,91,150
4,160331823,0,3,13,7,120,203
4,170724254,0,3,18,6,11,92
4,175117746,0,3,20,9,21,72
4,179099844,0,3,22,5,216,54
4,183911374,0,3,24,15,67,44
4,204406427,0,4,2,8,254,95
4,208823867,0,4,4,12,102,191
4,212622655,0,4,6,6,93,187
4,239936650,0,4,19,7,36,112
4,248501807,0,4,23,9,214,203
4,254535907,0,4,26,5,232,23
4,259381696,0,4,28,15,217,58
4,403758731,1,3,1,9,222,111
4,415864505,1,3,7,2,150,65
4,422416935,1,3,10,6,146,211
4,428372253,1,3,13,1,113,221
4,470808901,1,4,1,9,249,181
4,485061593,1,4,8,3,115,33
4,485485885,1,4,8,9,237,189
4,493812170,1,4,12,8,249,48
4,499675397,1,4,15,2,113,245
4,501772021,1,4,16,2,110,5
4,690493546,2,3,10,1,24,144
4,694976553,2,3,12,5,128,209
4,695184289,2,3,12,8,171,89
4,741455155,2,4,2,11,181,199
4,759661575,2,4,11,1,132,243
4,761759222,2,4,12,1,133,4
4,764314942,2,4,13,8,133,188
4,766227281,2,4,14,5,179,169
5,378272,0,1,1,5,59,90
5,2420456,0,1,2,4,18,18
5,4309807,0,1,3,1,61,203
5,6563180,0,1,4,4,219,142
5,10788803,0,1,6,4,97,55
5,10877578,0,1,6,5,6,112
5,12947841,0,1,7,5,111,121
5,15019121,0,1,8,5,212,137
5,67461786,0,2,1,5,158,96
5,69415061,0,2,2,3,208,101
5,73510796,0,2,4,1,81,110
5,75788424,0,2,5,4,144,114
5,77939553,0,2,6,5,189,153
5,80017545,0,2,7,4,8,113
5,80078133,0,2,7,5,27,197
5,82160761,0,2,8,5,84,129
5,84012251,0,2,9,1,20,31
5,84249776,0,2,9,5,116,74
5,86319734,0,2,10,5,222,132
5,135166129,0,3,1,7,120,73
5,137582230,0,3,2,12,86,100
5,137586569,0,3,2,12,103,113
5,137668212,0,3,2,13,166,134
5,137791817,0,3,2,15,137,177
5,143218708,0,3,5,2,88,230
5,145691094,0,3,6,8,17,36
5,153735091,0,3,10,2,207,71
5,154019658,0,3,10,7,39,176
5,156374329,0,3,11,11,21,193
5,160055266,0,3,13,3,63,24
5,162426018,0,3,14,7,108,88
5,162897384,0,3,14,14,157,18
5,166861007,0,3,16,11,24,43
5,167065792,0,3,16,14,56,58
5,170981539,0,3,18,9,248,87
5,171273057,0,3,18,14,107,153
5,173189044,0,3,19,11,167,70
5,173591947,0,3,19,17,205,111
5,174891120,0,3,20,5,160,138
5,175311759,0,3,20,12,11,107
5,175422322,0,3,20,13,187,136
5,177546390,0,3,21,14,36,100
5,179185803,0,3,22,7,40,111
5,202561027,0,4,1,12,214,247
5,204658414,0,4,2,12,214,12
5,204739711,0,4,2,14,20,123
5,204865630,0,4,2,16,0,156
5,214474928,0,4,7,2,160,74
5,214824650,0,4,7,7,246,48
5,224948170,0,4,12,2,111,48
5,225245049,0,4,12,6,247,129
5,227655732,0,4,13,11,192,198
5,231332003,0,4,15,3,216,87
5,233713957,0,4,16,8,49,213
5,234191396,0,4,16,15,122,214
5,238135298,0,4,18,11,168,248
5,240232435,0,4,19,11,167,7
5,240436176,0,4,19,14,195,42
5,244839461,0,4,21,17,244,213
5,246427853,0,4,22,10,48,45
5,246561564,0,4,22,12,59,222
5,248252530,0,4,23,6,8,136
5,248662175,0,4,23,12,72,91
5,248814707,0,4,23,14,156,135
5,250947503,0,4,24,15,39,75
5,251199142,0,4,24,18,254,84
5,252507434,0,4,25,6,245,208
5,258884231,0,4,28,8,66,115
5,259214950,0,4,28,13,78,148
5,430558039,1,3,14,2,203,163
5,430562682,1,3,14,2,221,128
5,433504865,1,3,15,15,194,153
5,434678383,1,3,16,1,170,139
5,503973081,1,4,17,4,4,33
5,504790383,1,4,17,16,125,139
5,505918217,1,4,18,1,179,241
5,508016120,1,4,19,1,181,2
5,674084225,2,3,2,6,181,121
5,703182037,2,3,16,2,180,37
5,703228726,2,3,16,3,107,196
5,703228981,2,3,16,3,108,197
5,703238687,2,3,16,3,146,219
5,703244295,2,3,16,3,168,243
5,705343215,2,3,17,3,174,11
5,711782081,2,3,20,5,238,57
5,741092021,2,4,2,6,42,69
5,785135078,2,4,23,6,53,20
6,275721,0,1,1,4,203,241
6,416612,0,1,1,6,165,150
6,67546496,0,2,1,6,83,122
6,69488289,0,2,2,4,178,89
6,141914344,0,3,4,14,112,18
6,141968709,0,3,4,15,69,181
6,149627583,0,3,8,4,34,59
6,152372401,0,3,9,14,4,73
6,166337211,0,3,16,3,26,63
6,172581445,0,3,19,2,98,181
6,173080214,0,3,19,9,254,100
6,177707994,0,3,21,16,155,32
6,179858775,0,3,22,17,109,163
6,181419128,0,3,23,9,60,130
6,181791004,0,3,23,14,233,222
6,206916355,0,4,3,15,75,247
6,209012974,0,4,4,15,72,12
6,213276659,0,4,6,16,87,7
6,218756153,0,4,9,3,244,193
6,221533216,0,4,10,14,84,218
6,239643855,0,4,19,2,172,43
6,245960536,0,4,22,3,15,162
6,246411383,0,4,22,9,240,131
6,253236687,0,4,25,18,21,43
6,255303712,0,4,26,17,160,218
6,256864619,0,4,27,9,113,143
6,407437901,1,3,3,2,2,173
6,408420201,1,3,3,16,255,145
6,420775442,1,3,9,13,134,232
6,433012837,1,3,15,8,64,149
6,443849921,1,3,20,13,156,57
6,446018974,1,3,21,14,181,92
6,475485583,1,4,3,17,85,107
6,476646624,1,4,4,3,12,26
6,492064708,1,4,11,14,79,54
6,504330564,1,4,17,9,121,182
6,515131398,1,4,22,14,72,244
6,517228531,1,4,23,14,71,7
6,521499529,1,4,25,15,115,113
6,678515983,2,3,4,10,85,235
6,697070898,2,3,13,5,117,200
6,745532190,2,4,4,9,235,220
6,768307398,2,4,15,5,112,52
7,2205343,0,1,2,1,90,91
7,2364988,0,1,2,4,234,190
7,4352590,0,1,3,2,150,172
7,4637719,0,1,3,6,60,227
7,6408779,0,1,4,1,54,175
7,6609488,0,1,4,4,38,170
7,6709094,0,1,4,6,161,148
7,8699212,0,1,5,4,67,174
7,10580440,0,1,6,1,143,34
7,10701168,0,1,6,3,183,138
7,10821003,0,1,6,5,227,111
7,10887333,0,1,6,6,224,85
7,15020318,0,1,8,5,207,220
7,71573415,0,2,3,4,225,83
7,73556378,0,2,4,2,159,96
7,73842020,0,2,4,6,67,150
7,75622052,0,2,5,1,26,86
7,75810978,0,2,5,4,56,88
7,75919026,0,2,5,6,146,72
7,77872731,0,2,6,4,194,159
7,79779409,0,2,7,1,170,169
7,80031768,0,2,7,5,208,226
7,80088848,0,2,7,6,241,234
7,81998784,0,2,8,3,205,58
7,86441482,0,2,10,6,2,240
7,135337355,0,3,1,10,21,111
7,139422519,0,3,3,8,107,195
7,141629785,0,3,4,10,25,161
7,141733894,0,3,4,11,176,244
7,141751011,0,3,4,11,242,23
7,141917894,0,3,4,14,126,52
7,141926211,0,3,4,14,159,183
7,143831540,0,3,5,11,177,6
7,146052248,0,3,6,13,148,98
7,154567467,0,3,10,15,131,207
7,155763568,0,3,11,1,195,138
7,156153164,0,3,11,7,181,174
7,156363967,0,3,11,10,236,59
7,156481291,0,3,11,12,183,239
7,156551909,0,3,11,13,202,21
7,157987240,0,3,12,3,177,82
7,158578679,0,3,12,12,183,3
7,158731629,0,3,12,15,13,141
7,162585716,0,3,14,9,220,134
7,170580121,0,3,18,3,216,97
7,171231349,0,3,18,13,200,133
7,173264436,0,3,19,12,206,198
7,181529344,0,3,23,10,235,250
7,181638071,0,3,23,12,147,67
7,183160497,0,3,24,3,206,73
7,183627501,0,3,24,10,238,13
7,202406972,0,4,1,10,124,190
7,208603988,0,4,4,9,11,166
7,208832532,0,4,4,12,136,230
7,210522695,0,4,5,6,82,179
7,210811302,0,4,5,10,185,84
7,210897185,0,4,5,12,9,217
7,211094372,0,4,5,15,11,150
7,211094746,0,4,5,15,12,32
7,213199711,0,4,6,15,43,155
7,225528691,0,4,12,11,75,135
7,225718416,0,4,12,14,48,106
7,225834963,0,4,12,15,247,39
7,227046361,0,4,13,2,115,33
7,227166736,0,4,13,4,74,234
7,227434150,0,4,13,8,94,84
7,227755873,0,4,13,13,71,153
7,229995401,0,4,14,15,115,113
7,235967612,0,4,17,10,148,126
7,243966114,0,4,21,4,160,88
7,244622969,0,4,21,14,166,129
7,248755908,0,4,23,13,182,54
7,254993608,0,4,26,12,228,50
7,256974643,0,4,27,11,31,199
7,258566771,0,4,28,3,106,135
7,403335740,1,3,1,3,106,190
7,405358249,1,3,2,2,70,81
7,443439329,1,3,20,7,88,25
7,443483289,1,3,20,8,4,97
7,470435443,1,4,1,4,70,135
7,472396762,1,4,2,2,51,32
7,486061602,1,4,8,18,182,216
7,490266280,1,4,10,18,222,82
7,516781456,1,4,23,7,117,106
7,518923238,1,4,24,8,35,20
7,680755507,2,3,5,12,129,199
7,711680837,2,3,20,4,99,181
7,715921511,2,3,22,5,24,147
7,715932879,2,3,22,5,68,43
7,715949238,2,3,22,5,132,68
7,715952980,2,3,22,5,147,166
7,715961697,2,3,22,5,181,153
7,715961748,2,3,22,5,181,102
7,715992487,2,3,22,6,45,83
7,715994228,2,3,22,6,52,134
7,717833766,2,3,23,2,70,212
7,749903514,2,4,6,12,158,96
7,787154715,2,4,24,5,7,223
7,789310112,2,4,25,5,234,90
7,789314387,2,4,25,5,251,167
7,789325599,2,4,25,6,39,219
7,789328643,2,4,25,6,51,247
7,789338464,2,4,25,6,89,154
7,789392653,2,4,25,7,45,237
7,789508907,2,4,25,8,243,207
7,789509163,2,4,25,8,244,207
7,789516835,2,4,25,9,18,215
7,789542945,2,4,25,9,120,217
7,789549876,2,4,25,9,147,198
7,789568571,2,4,25,9,220,191
7,789571343,2,4,25,9,231,235
7,791372415,2,4,26,5,98,123
7,791414660,2,4,26,6,7,118
7,791422613,2,4,26,6,38,101
7,791426040,2,4,26,6,51,2
7,791426683,2,4,26,6,54,127
7,791443812,2,4,26,6,121,150
7,791454077,2,4,26,6,161,125
7,791515248,2,4,26,7,144,138
7,791529171,2,4,26,7,198,39
7,791541866,2,4,26,7,248,144
7,791543526,2,4,26,7,254,20
7,791577570,2,4,26,8,131,24
7,791577825,2,4,26,8,132,25
7,791577826,2,4,26,8,132,24
7,791592611,2,4,26,8,190,87
7,791624154,2,4,26,9,57,32
7,791627164,2,4,26,9,69,94
7,791646364,2,4,26,9,144,94
7,791662535,2,4,26,9,207,51
7,791666578,2,4,26,9,223,104
7,793276508,2,4,27,2,112,158
8,198263,0,1,1,3,250,131
8,267416,0,1,1,4,236,98
8,372450,0,1,1,5,82,24
8,2309462,0,1,2,3,195,164
8,2384939,0,1,2,4,156,207
8,2496672,0,1,2,6,232,90
8,4478949,0,1,3,4,169,21
8,4485602,0,1,3,4,143,24
8,6486117,0,1,4,2,8,149
8,10808433,0,1,6,4,20,137
8,67309197,0,2,1,3,242,109
8,67391089,0,2,1,4,178,137
8,67478223,0,2,1,5,94,43
8,69504840,0,2,2,4,113,178
8,71518187,0,2,3,3,185,15
8,71577694,0,2,3,4,208,156
8,71719410,0,2,3,6,167,8
8,73674184,0,2,4,4,211,50
8,75564636,0,2,5,1,250,158
8,79994657,0,2,7,4,97,217
8,82188177,0,2,8,6,233,105
8,135392644,0,3,1,10,237,118
8,137023554,0,3,2,3,208,184
8,137104784,0,3,2,5,13,106
8,137190783,0,3,2,6,93,123
8,137240773,0,3,2,7,32,53
8,137339039,0,3,2,8,160,91
8,137498254,0,3,2,11,14,108
8,137574882,0,3,2,12,57,24
8,137787230,0,3,2,15,119,156
8,139087737,0,3,3,3,79,129
8,139293812,0,3,3,6,116,134
8,139796366,0,3,3,14,31,108
8,139836249,0,3,3,14,187,161
8,141110492,0,3,4,2,44,30
8,144124710,0,3,5,16,43,212
8,147722949,0,3,7,7,18,53
8,151543811,0,3,9,1,96,247
8,151782203,0,3,9,5,3,191
8,153641713,0,3,10,1,98,9
8,156399906,0,3,11,11,121,216
8,166578056,0,3,16,6,199,114
8,173031807,0,3,19,9,65,123
8,174895873,0,3,20,5,179,249
8,175255749,0,3,20,11,48,53
8,176993519,0,3,21,5,180,11
8,177175851,0,3,21,8,125,207
8,179788270,0,3,22,16,89,12
8,181258372,0,3,23,6,200,118
8,181301858,0,3,23,7,114,152
8,181402636,0,3,23,8,252,238
8,181425290,0,3,23,9,84,112
8,181606005,0,3,23,12,22,133
8,183189963,0,3,24,4,65,47
8,183271628,0,3,24,5,128,46
8,183500025,0,3,24,8,252,1
8,183968873,0,3,24,16,36,145
8,202023466,0,4,1,4,162,208
8,202024639,0,4,1,4,166,59
8,202178376,0,4,1,6,255,178
8,202329948,0,4,1,9,79,158
8,202441499,0,4,1,11,3,223
8,204687731,0,4,2,13,73,135
8,204899157,0,4,2,16,131,165
8,206170435,0,4,3,3,233,183
8,206373921,0,4,3,7,4,217
8,206884783,0,4,3,14,207,75
8,208222953,0,4,4,3,58,17
8,208981936,0,4,4,14,207,74
8,209202098,0,4,4,18,43,72
8,213291659,0,4,6,16,146,111
8,216888189,0,4,8,7,115,125
8,222797384,0,4,11,1,158,178
8,223057876,0,4,11,5,151,38
8,227705353,0,4,13,12,130,241
8,229802233,0,4,14,12,128,1
8,239961290,0,4,19,7,132,48
8,246395478,0,4,22,9,178,164
8,248631636,0,4,23,11,209,166
8,250354026,0,4,24,6,25,144
8,253141509,0,4,25,16,162,245
8,254695150,0,4,26,8,86,12
8,255239159,0,4,26,16,163,3
8,256862739,0,4,27,9,106,231
8,258814305,0,4,28,7,49,153
8,258814309,0,4,28,7,49,149
8,258970063,0,4,28,9,145,43
8,259419539,0,4,28,16,109,103
8,410251622,1,3,4,12,241,148
8,426798668,1,3,12,9,110,174
8,441395870,1,3,19,8,42,92
8,475401237,1,4,3,16,12,229
8,475472796,1,4,3,17,35,94
8,498094759,1,4,14,10,82,83
8,514782402,1,4,22,8,244,56
8,711889332,2,3,20,7,145,70
8,714397657,2,3,21,13,215,33
8,785226181,2,4,23,7,153,53
8,789792722,2,4,25,13,71,40
9,168021,0,1,1,2,112,165
9,423589,0,1,1,6,138,85
9,2264015,0,1,2,2,117,43
9,6586747,0,1,4,4,127,127
9,8511790,0,1,5,1,31,204
9,8820501,0,1,5,6,105,229
9,8846259,0,1,5,6,5,71
9,10914700,0,1,6,6,117,110
9,12668453,0,1,7,1,178,213
9,12863802,0,1,7,4,183,192
9,67293261,0,2,1,2,48,173
9,67518051,0,2,1,6,194,151
9,69377811,0,2,2,2,97,231
9,75763900,0,2,5,4,240,62
9,77710435,0,2,6,1,60,151
9,80091460,0,2,7,6,231,182
9,80097577,0,2,7,6,207,209
9,80102022,0,2,7,6,190,116
9,80110265,0,2,7,6,158,65
9,80117033,0,2,7,6,131,209
9,83996238,0,2,9,1,82,172
9,84180313,0,2,9,4,131,161
9,139735094,0,3,3,13,48,196
9,156567981,0,3,11,14,9,77
9,158552021,0,3,12,12,79,37
9,168492237,0,3,17,3,252,45
9,168797397,0,3,17,8,164,37
9,174925712,0,3,20,6,39,106
9,177696053,0,3,21,16,109,197
9,179626336,0,3,22,13,225,154
9,206868516,0,4,3,14,144,214
9,227896652,0,4,13,15,109,174
9,229828039,0,4,14,12,229,51
9,230218834,0,4,14,18,220,168
9,241631415,0,4,20,1,0,67
9,241800121,0,4,20,3,147,65
9,242136268,0,4,20,8,180,46
9,248262714,0,4,23,6,48,192
9,253156064,0,4,25,16,218,26
9,257232562,0,4,27,15,14,72
9,407998399,1,3,3,10,143,59
9,410359951,1,3,4,14,152,107
9,411642762,1,3,5,2,43,112
9,412141465,1,3,5,9,199,97
9,412148607,1,3,5,9,227,123
9,412148862,1,3,5,9,228,124
9,412155478,1,3,5,9,254,164
9,412156764,1,3,5,10,3,158
9,412158644,1,3,5,10,10,70
9,412160673,1,3,5,10,18,89
9,412163141,1,3,5,10,28,181
9,412166056,1,3,5,10,39,82
9,412168781,1,3,5,10,50,173
9,426610262,1,3,12,6,142,164
9,435492676,1,3,16,14,23,182
9,475102390,1,4,3,11,124,68
9,477386272,1,4,4,14,86,218
9,480846044,1,4,6,3,32,30
9,481870435,1,4,6,18,194,151
9,481870436,1,4,6,18,194,150
9,490240425,1,4,10,18,121,81
9,495749637,1,4,13,6,138,245
9,497847794,1,4,14,6,141,8
9,508868023,1,4,19,14,181,67
9,707547487,2,3,18,5,81,155
9,711542326,2,3,20,2,70,196
9,718465842,2,3,23,11,235,200
9,778760735,2,4,20,4,242,219
9,784900713,2,4,23,2,162,145
9,793903557,2,4,27,12,1,53
